true_label,pred_label,count,percentage_of_all_errors
2,3,969,15.046583850931677
2,1,904,14.037267080745341
3,2,607,9.425465838509318
3,1,496,7.7018633540372665
2,5,351,5.450310559006211
2,6,328,5.093167701863354
2,4,328,5.093167701863354
1,2,236,3.6645962732919255
1,3,234,3.633540372670808
3,5,222,3.4472049689440993
3,4,201,3.12111801242236
3,6,184,2.857142857142857
6,2,158,2.453416149068323
4,2,138,2.142857142857143
4,3,127,1.9720496894409938
6,1,115,1.7857142857142856
4,1,110,1.7080745341614907
1,6,100,1.5527950310559007
6,3,96,1.4906832298136645
1,5,76,1.1801242236024845
1,4,68,1.0559006211180124
5,2,66,1.0248447204968945
5,3,64,0.9937888198757764
4,6,62,0.9627329192546583
6,5,41,0.6366459627329193
4,5,37,0.5745341614906833
5,1,37,0.5745341614906833
6,4,33,0.5124223602484472
5,4,29,0.45031055900621114
5,6,23,0.35714285714285715
