Rank,Feature,RF Importance,LightGBM Relative
1,SVD_Comp_1,0.01687603199315143,0.026111111111111113
2,SVD_Comp_4,0.012947430553686601,0.007277777777777778
3,SVD_Comp_7,0.007895958792177709,0.006944444444444444
4,AAC_E,0.006825231902816408,0.0055
5,SVD_Comp_5,0.0066927143578496785,0.005833333333333334
6,SVD_Comp_12,0.0060976655484943085,0.003611111111111111
7,AAC_W,0.005927296425801403,0.011333333333333334
8,SVD_Comp_20,0.005677043485352758,0.006666666666666667
9,SVD_Comp_8,0.004858467278716465,0.0037222222222222223
10,AAC_S,0.004785686023464937,0.0019444444444444444
11,SVD_Comp_38,0.004720705820611732,0.0035555555555555557
12,AAC_G,0.004623597261164328,0.006
13,SVD_Comp_28,0.004620305720882435,0.002111111111111111
14,DPC_DG,0.00451762342766067,0.0034444444444444444
15,AAC_C,0.004475102698328429,0.008388888888888888
16,SVD_Comp_51,0.004452680895754368,0.0028888888888888888
17,AAC_F,0.004378235458983809,0.0057777777777777775
18,SVD_Comp_6,0.004340196776496887,0.005222222222222222
19,SVD_Comp_32,0.004332131279014556,0.0021666666666666666
20,SVD_Comp_18,0.004289969114849896,0.003277777777777778
21,AAC_H,0.004170169364277524,0.004055555555555555
22,SVD_Comp_50,0.004062069342179741,0.002
23,SVD_Comp_82,0.004054200449462696,0.003944444444444445
24,AAC_Y,0.004034206083762507,0.005833333333333334
25,SVD_Comp_30,0.004023218226906215,0.0034444444444444444
