Rank,Feature,Mean_Abs_SHAP,Feature_Type
1,SVD_Comp_1,0.010347696145336547,SVD (Tripeptide Motif)
2,SVD_Comp_4,0.009038169625532853,SVD (Tripeptide Motif)
3,SVD_Comp_7,0.00577141489959954,SVD (Tripeptide Motif)
4,SVD_Comp_5,0.003887180733776933,SVD (Tripeptide Motif)
5,AAC_E,0.0037111818053965884,AAC (Amino Acid Comp)
6,SVD_Comp_8,0.003711150536520183,SVD (Tripeptide Motif)
7,AAC_S,0.0031271848109419294,AAC (Amino Acid Comp)
8,SVD_Comp_12,0.002465106922462437,SVD (Tripeptide Motif)
9,DPC_YD,0.0023823848280159683,DPC (Dipeptide Comp)
10,AAC_D,0.002331364290710813,AAC (Amino Acid Comp)
11,DPC_YR,0.0022565818765031905,DPC (Dipeptide Comp)
12,SVD_Comp_20,0.0021136949786437252,SVD (Tripeptide Motif)
13,DPC_ED,0.0019195466046332728,DPC (Dipeptide Comp)
14,DPC_DG,0.0019067702856893612,DPC (Dipeptide Comp)
15,DPC_GT,0.0018418209432230171,DPC (Dipeptide Comp)
16,DPC_EA,0.0017868315559625406,DPC (Dipeptide Comp)
17,SVD_Comp_6,0.0017618373393000959,SVD (Tripeptide Motif)
18,DPC_GP,0.001741491979152539,DPC (Dipeptide Comp)
19,DPC_GN,0.0017261845045291157,DPC (Dipeptide Comp)
20,DPC_GA,0.0017251348728145033,DPC (Dipeptide Comp)
